<?xml version="1.0" encoding="UTF-8" ?>
 <extension type="package" version="1.6" method="upgrade">
 <name>QControl Package</name>
 <version>0.1.0</version>
 <creationDate>05, 11, 2021</creationDate>
 <author>QControl B.V.</author>
 <authorEmail>support@v-web.nl</authorEmail>
 <authorUrl>https://www.qcontrol.app</authorUrl>
 <copyright>(C) 2010 - 2021 qcontrol.app. All rights reserved.</copyright>
 <license>http://www.gnu.org/licenses/gpl-2.0.html GNU/GPLv2</license>
 <description>QControl Package Description</description>
 <scriptfile>pkg_script.php</scriptfile>
 <packagename>qcontrol</packagename>
 <files folder="packages">
   <file type="component" id="com_qcontrol" >com_qcontrol.zip</file>
   <file type="module" id="mod_qcontrol" client="site">mod_qcontrol.zip</file>
   <file type="library" id="lib_qcontrol">lib_qcontrol.zip</file>
 </files>
 </extension>