<?xml version="1.0" encoding="utf-8"?>
<extension type="component" version="3.0" method="upgrade">

 <name>QControl Component</name>
 <version>0.1.0</version>
 <creationDate>05, 11, 2021</creationDate>
 <author>QControl B.V.</author>
 <authorEmail>support@v-web.nl</authorEmail>
 <authorUrl>https://www.qcontrol.app</authorUrl>
 <copyright>(C) 2010 - 2021 qcontrol.app. All rights reserved.</copyright>
 <license>http://www.gnu.org/licenses/gpl-2.0.html GNU/GPLv2</license>
 <description>QControl Component Description</description>
 <element>com_qcontrol</element>


	<install> <!-- Runs on install -->
		<sql>
			<file driver="mysql" charset="utf8">sql/install.mysql.utf8.sql</file>
		</sql>
	</install>
	<uninstall> <!-- Runs on uninstall -->
		<sql>
			<file driver="mysql" charset="utf8">sql/uninstall.mysql.utf8.sql</file>
		</sql>
	</uninstall>

	<update> <!-- Runs on update; New since J2.5 -->
		<schemas>
			<schemapath type="mysql">sql/updates/mysql</schemapath>
		</schemas>
	</update>

	<!-- Site Main File Copy Section -->
	<!-- Note the folder attribute: This attribute describes the folder
		to copy FROM in the package to install therefore files copied
		in this section are copied from /site/ in the package -->
	<files folder="site">
		<filename>index.html</filename>
		<filename>qcontrol.php</filename>
		<filename>controller.php</filename>
		<folder>helpers</folder>
		<folder>models</folder>
		<folder>views</folder>

	</files>

	<administration>
		<!-- Administration Menu Section -->
		<menu link='index.php?option=com_qcontrol'>Qcontrol Modules</menu>
		<!-- Administration Main File Copy Section -->
		<!-- Note the folder attribute: This attribute describes the folder
			to copy FROM in the package to install therefore files copied
			in this section are copied from /admin/ in the package -->
		<files folder="admin">
			<!-- Admin Main File Copy Section -->
			<filename>access.xml</filename>
			<filename>config.xml</filename>
			<filename>controller.php</filename>
			<filename>index.html</filename>
			<filename>qcontrol.php</filename>
			<folder>controllers</folder>
			<folder>helpers</folder>
			<folder>models</folder>
			<folder>sql</folder>
			<folder>tables</folder>
			<folder>views</folder>
			
		</files>
	</administration>

</extension>